{"filename": "donny2.wav", "embeddings_2d": [[1.4577605724334717, 0.0], [0.5345196723937988, 0.0], [0.5630694627761841, 0.0], [0.5641776323318481, 0.0], [0.5751014947891235, 0.0], [0.3823075294494629, 0.0], [0.22163282334804535, 0.0], [0.2100873589515686, 0.0], [0.3840831518173218, 0.0], [0.4921402633190155, 0.0], [0.4920123219490051, 0.0], [2.268747568130493, 0.0], [1.2271356582641602, 0.0], [0.8120263814926147, 0.0], [0.5149228572845459, 0.0], [0.5782095193862915, 0.0], [1.0117311477661133, 0.0], [4.274775505065918, 0.0], [4.206019401550293, 0.0], [0.8483471870422363, 0.0], [2.2049357891082764, 0.0], [2.163449287414551, 0.0], [1.301316738128662, 0.0], [0.9904801845550537, 0.0], [0.9282348155975342, 0.0], [-0.8355133533477783, 0.0], [-0.2007427215576172, 0.0], [0.3861634135246277, 0.0], [0.4477822780609131, 0.0], [-0.38474100828170776, 0.0], [0.16932260990142822, 0.0], [0.4587397873401642, 0.0], [0.5862029790878296, 0.0]], "peaks": [0.013023246079683304, 0.03935284540057182, 0.07294144481420517, 0.09475912153720856, 0.15051524341106415, 0.16126278042793274, 0.14272311329841614, 0.08387763798236847, 0.09545306116342545, 0.10178378969430923, 0.09613026678562164, 0.14458411931991577, 0.1498442441225052, 0.13480424880981445, 0.08705616742372513, 0.0805802121758461, 0.12257477641105652, 0.1815115362405777, 0.23346632719039917, 0.24188771843910217, 0.2672983407974243, 0.27663400769233704, 0.2336355745792389, 0.22014330327510834, 0.19232366979122162, 0.09831006079912186, 0.06867289543151855, 0.07117979973554611, 0.054138198494911194, 0.10670497268438339, 0.044533465057611465, 0.02443530037999153, 0.0395791158080101]}