{"filename": "hw3.wav", "embeddings_2d": [[2.1508989334106445, 0.0], [1.1198562383651733, 0.0], [3.67079496383667, 0.0], [3.486563205718994, 0.0], [2.349660873413086, 0.0], [1.9040840864181519, 0.0], [2.028841495513916, 0.0], [-0.04130697250366211, 0.0], [0.0805588960647583, 0.0], [0.08933281898498535, 0.0], [-0.443970263004303, 0.0], [0.44723623991012573, 0.0], [0.4723358154296875, 0.0], [0.4341038167476654, 0.0], [1.8224287033081055, 0.0], [0.11383581161499023, 0.0], [0.8837770819664001, 0.0], [1.7979031801223755, 0.0], [2.2619194984436035, 0.0], [1.1264641284942627, 0.0], [0.4192965626716614, 0.0], [1.0149072408676147, 0.0], [1.4568321704864502, 0.0], [2.3389947414398193, 0.0], [2.919952869415283, 0.0], [2.7893714904785156, 0.0], [0.8863482475280762, 0.0], [2.4230732917785645, 0.0], [0.4224679470062256, 0.0], [1.3807734251022339, 0.0], [-0.24943506717681885, 0.0], [-0.525745153427124, 0.0], [1.37251615524292, 0.0], [2.1215665340423584, 0.0], [1.9827256202697754, 0.0], [1.8982007503509521, 0.0], [0.6546918153762817, 0.0], [2.5689563751220703, 0.0], [1.2519688606262207, 0.0], [2.0058817863464355, 0.0], [2.8936586380004883, 0.0], [0.7200343608856201, 0.0], [-0.6950902938842773, 0.0], [0.5931404829025269, 0.0], [0.9421897530555725, 0.0], [0.24585235118865967, 0.0], [1.396324634552002, 0.0], [1.8538973331451416, 0.0], [2.0576930046081543, 0.0], [2.2113711833953857, 0.0], [0.4044875502586365, 0.0], [4.569871425628662, 0.0], [2.719569683074951, 0.0], [1.6120529174804688, 0.0], [1.7210290431976318, 0.0]], "peaks": [0.016535034403204918, 0.010011067613959312, 0.1429898589849472, 0.10822657495737076, 0.08628145605325699, 0.05877164751291275, 0.043502382934093475, 0.03783106431365013, 0.08065016567707062, 0.10751310735940933, 0.08129443228244781, 0.05520721897482872, 0.059912603348493576, 0.048521097749471664, 0.05043046548962593, 0.03657372668385506, 0.18711453676223755, 0.20234738290309906, 0.18432943522930145, 0.1931312084197998, 0.09711188822984695, 0.12861384451389313, 0.19131973385810852, 0.24991226196289062, 0.25930550694465637, 0.20158222317695618, 0.12659721076488495, 0.0827459767460823, 0.08132628351449966, 0.10179757326841354, 0.18400785326957703, 0.19319628179073334, 0.16183413565158844, 0.08794689923524857, 0.038434676826000214, 0.023695826530456543, 0.022100554779171944, 0.012567867524921894, 0.061882082372903824, 0.1492205262184143, 0.14597488939762115, 0.1445135474205017, 0.12551671266555786, 0.13237197697162628, 0.13868683576583862, 0.1218370646238327, 0.11253951489925385, 0.09979934245347977, 0.053893137723207474, 0.040709786117076874, 0.0368705652654171, 0.034214433282613754, 0.01653379760682583, 0.01964688114821911, 0.018431011587381363]}