{"filename": "maude2.wav", "embeddings_2d": [[-0.3065917491912842, 0.0], [0.6794875860214233, 0.0], [0.035273194313049316, 0.0], [0.5529749393463135, 0.0], [-0.175268292427063, 0.0], [0.00551585853099823, 0.0], [0.16841894388198853, 0.0], [-0.43358170986175537, 0.0], [-0.0004964172840118408, 0.0], [-0.31061461567878723, 0.0], [-0.5586261749267578, 0.0], [-0.519028902053833, 0.0], [0.39761441946029663, 0.0], [0.48842158913612366, 0.0], [-0.9681764841079712, 0.0], [1.6847805976867676, 0.0], [0.9586668610572815, 0.0], [0.2822408676147461, 0.0], [0.20367729663848877, 0.0], [1.6277515888214111, 0.0], [2.2508764266967773, 0.0], [2.1629080772399902, 0.0], [1.9387916326522827, 0.0], [1.4847867488861084, 0.0], [1.2162559032440186, 0.0], [1.3150711059570312, 0.0], [1.349299430847168, 0.0], [1.647418737411499, 0.0], [1.593787431716919, 0.0], [1.69918954372406, 0.0], [2.2679169178009033, 0.0], [2.497439384460449, 0.0], [1.6185301542282104, 0.0], [0.40755486488342285, 0.0], [1.3785545825958252, 0.0], [1.4283106327056885, 0.0], [1.4222385883331299, 0.0], [-0.24816393852233887, 0.0], [-0.8734644651412964, 0.0], [-0.5682784914970398, 0.0], [-0.3676565885543823, 0.0], [1.0506969690322876, 0.0], [2.2237257957458496, 0.0], [1.1226192712783813, 0.0], [-0.04884418845176697, 0.0], [0.7964686155319214, 0.0], [0.8341671228408813, 0.0], [0.5285628437995911, 0.0], [0.7382230758666992, 0.0], [0.7306504845619202, 0.0], [0.31744107604026794, 0.0], [-0.32425355911254883, 0.0], [-0.2831827998161316, 0.0], [-1.0942440032958984, 0.0], [-1.5714277029037476, 0.0], [-0.00843784213066101, 0.0], [-1.4107376337051392, 0.0], [-1.0837715864181519, 0.0], [-1.346084475517273, 0.0], [0.003933116793632507, 0.0], [-0.03008979558944702, 0.0], [-0.5268951654434204, 0.0], [-1.1615780591964722, 0.0], [0.00029915571212768555, 0.0], [-0.8194319009780884, 0.0], [-1.1569018363952637, 0.0], [-1.0724034309387207, 0.0], [-0.96347975730896, 0.0], [-0.004340112209320068, 0.0], [-1.5667264461517334, 0.0], [-1.1710394620895386, 0.0], [-0.006604671478271484, 0.0], [-1.1066625118255615, 0.0], [-1.3450111150741577, 0.0], [-0.7307838201522827, 0.0], [-1.6530169248580933, 0.0], [-1.4825074672698975, 0.0], [-1.412163257598877, 0.0], [-1.3282415866851807, 0.0]], "peaks": [0.0046478076837956905, 0.003937498666346073, 0.006601517088711262, 0.003079718444496393, 0.002853620331734419, 0.0033721826039254665, 0.003257863922044635, 0.003130005905404687, 0.002806740812957287, 0.0035350534599274397, 0.002177107147872448, 0.003388243028894067, 0.0026808390393853188, 0.0018103974871337414, 0.013430542312562466, 0.0650860071182251, 0.06383129954338074, 0.014474907889962196, 0.010179723612964153, 0.01556381769478321, 0.028532326221466064, 0.02733365073800087, 0.08218640089035034, 0.16488252580165863, 0.23405227065086365, 0.24308425188064575, 0.23218777775764465, 0.17926084995269775, 0.16135898232460022, 0.15616551041603088, 0.17393247783184052, 0.1560017466545105, 0.11012494564056396, 0.056002721190452576, 0.029279010370373726, 0.02802085317671299, 0.06072286516427994, 0.020783869549632072, 0.02645232528448105, 0.06860038638114929, 0.045849066227674484, 0.0513373464345932, 0.015402568504214287, 0.011758564971387386, 0.00924140028655529, 0.009859450161457062, 0.008813491091132164, 0.007569936104118824, 0.008452863432466984, 0.00650373799726367, 0.0043088700622320175, 0.006313727702945471, 0.004065742250531912, 0.008106018416583538, 0.005554712377488613, 0.007011549547314644, 0.0058667040430009365, 0.0051383511163294315, 0.006062145344913006, 0.0035643766168504953, 0.0036506452597677708, 0.0037204655818641186, 0.005036293063312769, 0.004359959624707699, 0.005468422546982765, 0.007714166305959225, 0.007794414646923542, 0.0046490272507071495, 0.0030270640272647142, 0.0065848990343511105, 0.007425670046359301, 0.005742726381868124, 0.004659452475607395, 0.006433864124119282, 0.0037314852233976126, 0.0068534924648702145, 0.004743976052850485, 0.0056551783345639706, 0.004017956554889679]}