{"filename": "tbl_wtm2.wav", "embeddings_2d": [[1.2663757801055908, 0.0], [0.31755828857421875, 0.0], [-0.49933183193206787, 0.0], [-0.5186365842819214, 0.0], [-0.4168630838394165, 0.0], [-0.7234854698181152, 0.0], [-0.11537030339241028, 0.0], [-0.39134612679481506, 0.0], [-1.3561902046203613, 0.0], [-1.0125830173492432, 0.0], [-0.9274662733078003, 0.0], [-1.4684665203094482, 0.0], [-1.3853785991668701, 0.0], [-2.2353925704956055, 0.0], [-2.1157281398773193, 0.0], [-1.2196727991104126, 0.0], [-1.6718939542770386, 0.0], [0.7290174961090088, 0.0], [0.6452481150627136, 0.0], [0.2652791738510132, 0.0], [-0.4830896854400635, 0.0], [-0.9319000244140625, 0.0], [-1.308830738067627, 0.0], [-0.6831807494163513, 0.0], [0.551467776298523, 0.0], [0.925273060798645, 0.0], [1.381366491317749, 0.0], [1.8621211051940918, 0.0], [2.258497714996338, 0.0], [1.887662410736084, 0.0], [0.27559900283813477, 0.0], [0.0700228214263916, 0.0], [-0.2679104804992676, 0.0], [-0.16011226177215576, 0.0], [-1.5874911546707153, 0.0], [-0.784260630607605, 0.0], [-0.2064419984817505, 0.0], [0.5573911666870117, 0.0], [-0.5484757423400879, 0.0], [-1.1683586835861206, 0.0], [-1.9720962047576904, 0.0], [-0.20798158645629883, 0.0], [0.4712502956390381, 0.0], [1.107234001159668, 0.0], [1.1659209728240967, 0.0], [0.985029935836792, 0.0], [-0.31337404251098633, 0.0], [-0.8939976692199707, 0.0], [-0.7449426054954529, 0.0], [-0.7834869623184204, 0.0], [-1.7990055084228516, 0.0], [-0.11402696371078491, 0.0], [-0.9186385273933411, 0.0], [0.05274812877178192, 0.0], [-1.82014799118042, 0.0], [-2.431537389755249, 0.0], [-2.2378299236297607, 0.0], [-2.001549243927002, 0.0], [-0.8031771779060364, 0.0], [-0.4790019989013672, 0.0], [-0.6760640144348145, 0.0], [-0.8169561624526978, 0.0], [-1.2206820249557495, 0.0], [-1.9120550155639648, 0.0], [-2.10296368598938, 0.0], [-2.100908041000366, 0.0], [-2.858762502670288, 0.0], [-3.128232955932617, 0.0], [-2.968827962875366, 0.0], [-3.030550956726074, 0.0], [-1.4062812328338623, 0.0], [-2.4067015647888184, 0.0], [-1.8425800800323486, 0.0], [-1.4038991928100586, 0.0]], "peaks": [0.025734329596161842, 0.02104332484304905, 0.02622135542333126, 0.030159203335642815, 0.027776356786489487, 0.02636956237256527, 0.01428798958659172, 0.025879966095089912, 0.024306509643793106, 0.015436419285833836, 0.014898570254445076, 0.04856644943356514, 0.1032387912273407, 0.14377443492412567, 0.1667022407054901, 0.21060505509376526, 0.1861768364906311, 0.10546089708805084, 0.15212953090667725, 0.14323189854621887, 0.063176728785038, 0.054588280618190765, 0.03912687674164772, 0.038858454674482346, 0.03269224613904953, 0.035405416041612625, 0.10318814218044281, 0.1673184633255005, 0.1624688357114792, 0.14678961038589478, 0.07045411318540573, 0.036226727068424225, 0.030712133273482323, 0.03237651661038399, 0.030594168230891228, 0.09849492460489273, 0.08214252442121506, 0.041337355971336365, 0.02196572534739971, 0.02037219889461994, 0.014374446123838425, 0.037151023745536804, 0.05259176343679428, 0.144698366522789, 0.17703160643577576, 0.1656128168106079, 0.10752121359109879, 0.03859471157193184, 0.017186617478728294, 0.01306445337831974, 0.009667611680924892, 0.006182538811117411, 0.005346017424017191, 0.027547677978873253, 0.0520552359521389, 0.07081394642591476, 0.08159459382295609, 0.10689043253660202, 0.14814725518226624, 0.1499990075826645, 0.18956856429576874, 0.1449660211801529, 0.1054440438747406, 0.15699440240859985, 0.11109007149934769, 0.03497554361820221, 0.017418157309293747, 0.01652117446064949, 0.0141181955114007, 0.0137041499838233, 0.02469874545931816, 0.10504287481307983, 0.05160282552242279, 0.05866649001836777]}