{"classes": [0.0, 1.0], "coef": [[-6.659249287678278, -5.05455681818159, -4.248436156749056]], "intercept": [0.0028043646323006044], "means": [[1.9535541842806494, 1.888805955783528, 1.9106592584782123], [-1.770022231007369, -2.255272582498112, -1.7610159395243516]], "priors": [0.5, 0.5], "scalings": [[-0.8502522461487725], [-0.6453652810231179], [-0.5424398800596543]], "xbar": [0.09176597663664021, -0.1832333133572921, 0.07482165947693031], "explained_variance_ratio": [1.0], "n_components": 1, "n_features_in": 3, "_max_components": 1}