{"filename": "hw1.wav", "embeddings_2d": [[1.113044023513794, 0.0], [0.2488904893398285, 0.0], [-0.22226876020431519, 0.0], [1.4936656951904297, 0.0], [1.7133839130401611, 0.0], [-0.4724467992782593, 0.0], [1.9858055114746094, 0.0], [2.077699899673462, 0.0], [1.0445305109024048, 0.0], [0.277121365070343, 0.0], [2.7003512382507324, 0.0], [0.27827104926109314, 0.0], [0.27795878052711487, 0.0], [3.3609256744384766, 0.0], [2.5224947929382324, 0.0], [1.51678466796875, 0.0], [0.5672259330749512, 0.0], [1.6988134384155273, 0.0], [2.199104070663452, 0.0], [2.7883026599884033, 0.0], [3.3703951835632324, 0.0], [2.7639427185058594, 0.0], [1.8426902294158936, 0.0], [1.0132020711898804, 0.0], [1.7629361152648926, 0.0], [1.3287012577056885, 0.0], [-1.2495723962783813, 0.0], [2.2746334075927734, 0.0], [3.1325523853302, 0.0], [2.28499698638916, 0.0], [3.073139190673828, 0.0], [0.2949511706829071, 0.0], [2.1135506629943848, 0.0], [3.008148193359375, 0.0], [3.5463743209838867, 0.0], [4.182284355163574, 0.0], [3.8209104537963867, 0.0], [4.154257774353027, 0.0], [4.867593765258789, 0.0], [4.260533332824707, 0.0], [4.11375093460083, 0.0], [2.9592580795288086, 0.0], [2.3012630939483643, 0.0], [3.571885585784912, 0.0], [4.242184638977051, 0.0], [3.3292248249053955, 0.0], [2.3233065605163574, 0.0], [0.8187704086303711, 0.0], [1.3210707902908325, 0.0], [1.2153842449188232, 0.0], [1.9146677255630493, 0.0], [2.2948975563049316, 0.0], [1.6383392810821533, 0.0], [1.704204797744751, 0.0], [2.1599881649017334, 0.0], [2.2078678607940674, 0.0], [2.166792392730713, 0.0], [2.5005016326904297, 0.0], [1.6742048263549805, 0.0], [0.6203933954238892, 0.0], [1.1632267236709595, 0.0], [1.617682933807373, 0.0], [3.1511013507843018, 0.0], [3.1029114723205566, 0.0], [1.6787586212158203, 0.0], [1.254203200340271, 0.0], [0.9939215183258057, 0.0], [0.8556265830993652, 0.0], [-0.06874370574951172, 0.0], [0.9060442447662354, 0.0], [3.3906450271606445, 0.0], [3.6512537002563477, 0.0], [3.3387279510498047, 0.0], [2.8204386234283447, 0.0], [1.8117061853408813, 0.0], [1.0347490310668945, 0.0], [0.2831299304962158, 0.0], [1.5336313247680664, 0.0], [0.27921977639198303, 0.0], [-0.20332783460617065, 0.0]], "peaks": [0.0059148287400603294, 0.005507237743586302, 0.009304077364504337, 0.006306131836026907, 0.004736204631626606, 0.016158027574419975, 0.01746061071753502, 0.03041859157383442, 0.05933066084980965, 0.017453648149967194, 0.02381143346428871, 0.027406848967075348, 0.023502208292484283, 0.02036866545677185, 0.01870218850672245, 0.012196501716971397, 0.00783204659819603, 0.003556710435077548, 0.00875681173056364, 0.12215311825275421, 0.22073769569396973, 0.21817338466644287, 0.1069297045469284, 0.08349809795618057, 0.03957992047071457, 0.033558815717697144, 0.029503706842660904, 0.10969661176204681, 0.1151011735200882, 0.08177440613508224, 0.04987137019634247, 0.033814240247011185, 0.043500933796167374, 0.04180656746029854, 0.04336008429527283, 0.17208419740200043, 0.21319642663002014, 0.16411849856376648, 0.10802030563354492, 0.08306577056646347, 0.03094695322215557, 0.05221229046583176, 0.07345813512802124, 0.1553211212158203, 0.1787903606891632, 0.18007758259773254, 0.14755338430404663, 0.10478179156780243, 0.07619141042232513, 0.0670434907078743, 0.1041339561343193, 0.13397496938705444, 0.12774881720542908, 0.1368323266506195, 0.13547879457473755, 0.07174674421548843, 0.016002235934138298, 0.014200114645063877, 0.01482296921312809, 0.010797400027513504, 0.08130728453397751, 0.14249147474765778, 0.17855140566825867, 0.17363642156124115, 0.16245149075984955, 0.1510564088821411, 0.14074043929576874, 0.1431792974472046, 0.10444827377796173, 0.10706785321235657, 0.06290272623300552, 0.03129253536462784, 0.013582032173871994, 0.010572494007647038, 0.00674973102286458, 0.007299549877643585, 0.007623641286045313, 0.006241722498089075, 0.007261102087795734, 0.008057897910475731]}