{"filename": "maude7.wav", "embeddings_2d": [[0.8379942178726196, 0.0], [1.253636360168457, 0.0], [0.6662049889564514, 0.0], [-0.1491551399230957, 0.0], [-0.07152625918388367, 0.0], [0.38802075386047363, 0.0], [0.5704734325408936, 0.0], [1.0622930526733398, 0.0], [0.8460018634796143, 0.0], [2.82458233833313, 0.0], [1.1905903816223145, 0.0], [0.631758451461792, 0.0], [0.1855175495147705, 0.0], [-1.1124022006988525, 0.0], [-0.8594127893447876, 0.0], [0.9397914409637451, 0.0], [1.559166431427002, 0.0], [1.2033493518829346, 0.0], [0.6063382029533386, 0.0], [0.2989485263824463, 0.0], [0.22234082221984863, 0.0], [2.30904221534729, 0.0], [0.7731397151947021, 0.0], [0.849297046661377, 0.0], [1.9473631381988525, 0.0], [1.3038182258605957, 0.0], [1.047631025314331, 0.0], [1.9521379470825195, 0.0], [2.4901599884033203, 0.0], [1.4402110576629639, 0.0], [1.646376371383667, 0.0], [1.6684658527374268, 0.0], [1.6134910583496094, 0.0], [1.0401355028152466, 0.0], [0.03158867359161377, 0.0], [-0.008331298828125, 0.0], [2.131969451904297, 0.0], [2.198167085647583, 0.0], [1.8560161590576172, 0.0], [1.27535080909729, 0.0], [1.2170665264129639, 0.0], [0.11183995008468628, 0.0], [0.9984842538833618, 0.0], [2.4053235054016113, 0.0], [3.592888832092285, 0.0], [2.7148842811584473, 0.0], [1.7422854900360107, 0.0], [1.8177495002746582, 0.0], [1.480614185333252, 0.0], [1.9183180332183838, 0.0], [2.072205066680908, 0.0], [2.181938409805298, 0.0], [1.8553237915039062, 0.0], [1.783642053604126, 0.0], [1.0310487747192383, 0.0], [1.4183683395385742, 0.0], [0.7084834575653076, 0.0], [2.3060173988342285, 0.0], [2.5184292793273926, 0.0], [2.0670881271362305, 0.0], [2.3915915489196777, 0.0], [1.9837162494659424, 0.0], [2.0360770225524902, 0.0], [1.9850335121154785, 0.0], [1.5833154916763306, 0.0], [0.8583016395568848, 0.0], [0.09513410925865173, 0.0], [0.09694810211658478, 0.0], [0.09387211501598358, 0.0], [0.3562650680541992, 0.0], [0.09420020878314972, 0.0], [3.186879873275757, 0.0], [2.3263306617736816, 0.0], [0.5645931363105774, 0.0]], "peaks": [0.023893779143691063, 0.01226000301539898, 0.07624446600675583, 0.1339704394340515, 0.15704065561294556, 0.19107061624526978, 0.1578047275543213, 0.061429694294929504, 0.013165885582566261, 0.015493031591176987, 0.061608653515577316, 0.16164757311344147, 0.19193410873413086, 0.07561853528022766, 0.05979731306433678, 0.05945875495672226, 0.17848019301891327, 0.2185700535774231, 0.20576560497283936, 0.08505755662918091, 0.021618438884615898, 0.01621590182185173, 0.04467969387769699, 0.11666622012853622, 0.1144503504037857, 0.07083862274885178, 0.013546459376811981, 0.010912971571087837, 0.011791976168751717, 0.014494767412543297, 0.10138248652219772, 0.10806430131196976, 0.10955386608839035, 0.08653756231069565, 0.05929885432124138, 0.025180092081427574, 0.016344336792826653, 0.011670827865600586, 0.007180564105510712, 0.00853754673153162, 0.009153299033641815, 0.016436424106359482, 0.01648634299635887, 0.010323435068130493, 0.06494063138961792, 0.08682852983474731, 0.094443678855896, 0.11078917980194092, 0.11090631037950516, 0.10559554398059845, 0.10728046298027039, 0.09878162294626236, 0.09290880709886551, 0.08094406872987747, 0.06666272133588791, 0.031200749799609184, 0.011922799050807953, 0.009565235115587711, 0.007884692400693893, 0.00684963446110487, 0.00451934477314353, 0.005713610909879208, 0.005313106346875429, 0.004260078072547913, 0.005125732626765966, 0.005091892555356026, 0.003931397572159767, 0.0051206727512180805, 0.00527248065918684, 0.003358309855684638, 0.003944744355976582, 0.0035227842163294554, 0.003457257291302085, 0.0037534860894083977]}