{"filename": "walt11.wav", "embeddings_2d": [[0.29780876636505127, 0.0], [0.36035263538360596, 0.0], [1.1887004375457764, 0.0], [2.2059338092803955, 0.0], [2.0275394916534424, 0.0], [1.2877511978149414, 0.0], [2.5601682662963867, 0.0], [3.0177114009857178, 0.0], [-0.006705485284328461, 0.0], [-0.21020150184631348, 0.0], [-0.402070552110672, 0.0], [-0.056174516677856445, 0.0], [-0.06366834044456482, 0.0], [-1.6489505767822266, 0.0], [-1.5831600427627563, 0.0], [-1.449932336807251, 0.0], [-1.4047813415527344, 0.0], [-1.4785207509994507, 0.0], [0.34522318840026855, 0.0], [0.3943665027618408, 0.0], [-0.22361792623996735, 0.0], [-0.13566723465919495, 0.0], [0.4154236912727356, 0.0], [0.12628930807113647, 0.0], [-0.4793102741241455, 0.0], [-0.20158910751342773, 0.0], [-0.007530868053436279, 0.0], [-1.3529303073883057, 0.0], [-1.7175629138946533, 0.0], [0.014942765235900879, 0.0], [-1.3812428712844849, 0.0], [-0.8571737408638, 0.0], [-0.42838335037231445, 0.0], [-1.4321708679199219, 0.0], [1.053966760635376, 0.0], [1.4688186645507812, 0.0], [0.0808866024017334, 0.0], [0.3326096534729004, 0.0], [0.2511136829853058, 0.0], [0.20296728610992432, 0.0], [-0.4132135510444641, 0.0], [-0.8622771501541138, 0.0], [-0.05259966850280762, 0.0], [0.14463108777999878, 0.0], [0.6161109209060669, 0.0], [-0.9150316715240479, 0.0], [0.7272656559944153, 0.0], [-0.6731477975845337, 0.0], [-0.4709455966949463, 0.0], [0.4680008888244629, 0.0], [1.278336763381958, 0.0], [0.6654907464981079, 0.0], [-0.7695015668869019, 0.0], [-1.433207631111145, 0.0], [-1.7522178888320923, 0.0], [-2.4881601333618164, 0.0], [-2.7552428245544434, 0.0], [-1.7802433967590332, 0.0], [-1.0641093254089355, 0.0], [-2.4706528186798096, 0.0], [-3.689596652984619, 0.0], [-2.528188943862915, 0.0], [-2.013401508331299, 0.0], [-0.0927659273147583, 0.0], [-0.9205615520477295, 0.0], [-0.952928900718689, 0.0], [-0.014254994690418243, 0.0], [-0.5269564390182495, 0.0], [0.5361160039901733, 0.0], [1.4422653913497925, 0.0], [2.356689453125, 0.0]], "peaks": [0.01947631500661373, 0.010186467319726944, 0.0356857106089592, 0.04097573459148407, 0.0401357002556324, 0.011955504305660725, 0.023829614743590355, 0.0386512316763401, 0.046985775232315063, 0.07026146352291107, 0.07151549309492111, 0.04398483783006668, 0.18898408114910126, 0.2204737365245819, 0.05683274194598198, 0.014438307844102383, 0.008400751277804375, 0.010485428385436535, 0.0338204987347126, 0.1028718501329422, 0.03039063699543476, 0.006425989326089621, 0.008660060353577137, 0.005611713510006666, 0.012542670592665672, 0.0144222192466259, 0.010634144768118858, 0.011514165438711643, 0.12574337422847748, 0.13670526444911957, 0.030969854444265366, 0.03986302763223648, 0.014908802695572376, 0.012563313357532024, 0.004276494029909372, 0.004984805826097727, 0.05392972752451897, 0.0658717229962349, 0.07739151269197464, 0.04544983431696892, 0.02455073781311512, 0.027897968888282776, 0.04007488489151001, 0.013785840943455696, 0.00844635721296072, 0.01904188096523285, 0.01199625339359045, 0.04491344466805458, 0.05502541735768318, 0.05121077597141266, 0.08263907581567764, 0.09665529429912567, 0.07904519140720367, 0.06592432409524918, 0.04821453243494034, 0.049020253121852875, 0.05322567746043205, 0.06425774097442627, 0.0724673792719841, 0.05783204734325409, 0.015111413784325123, 0.010749447159469128, 0.009771275334060192, 0.019497355446219444, 0.01834014616906643, 0.019366629421710968, 0.034089796245098114, 0.024660903960466385, 0.02047768048942089, 0.01728985644876957, 0.018710482865571976]}