{"filename": "brandt7.wav", "embeddings_2d": [[1.6415071487426758, 0.0], [2.3549721240997314, 0.0], [2.6295394897460938, 0.0], [2.4229698181152344, 0.0], [2.168447971343994, 0.0], [2.642031192779541, 0.0], [3.395425319671631, 0.0], [4.406654357910156, 0.0], [2.828361988067627, 0.0], [3.3757593631744385, 0.0], [3.5234487056732178, 0.0], [3.9910635948181152, 0.0], [4.156094551086426, 0.0], [2.3978471755981445, 0.0], [3.21671199798584, 0.0], [3.5454320907592773, 0.0], [4.234072208404541, 0.0], [4.090137004852295, 0.0], [3.7702386379241943, 0.0], [3.138054609298706, 0.0], [2.4495840072631836, 0.0], [3.139957904815674, 0.0], [3.379185914993286, 0.0], [4.355226516723633, 0.0], [3.539203405380249, 0.0], [3.3172669410705566, 0.0], [2.856288194656372, 0.0], [3.3323593139648438, 0.0], [2.900320529937744, 0.0], [3.8962454795837402, 0.0], [3.181145668029785, 0.0], [3.6606593132019043, 0.0], [2.9074959754943848, 0.0], [1.3257150650024414, 0.0], [1.4623372554779053, 0.0], [0.8731238842010498, 0.0], [-0.1188192367553711, 0.0], [-0.36874890327453613, 0.0], [0.6443939208984375, 0.0], [4.059724807739258, 0.0], [3.6936216354370117, 0.0], [2.4789047241210938, 0.0], [2.9188878536224365, 0.0], [3.1956920623779297, 0.0], [2.990497350692749, 0.0], [2.53132963180542, 0.0], [2.9503307342529297, 0.0], [2.8762946128845215, 0.0], [3.115753173828125, 0.0], [2.842963218688965, 0.0], [2.771273612976074, 0.0], [2.3589580059051514, 0.0], [2.8388161659240723, 0.0], [2.8991899490356445, 0.0], [3.569100856781006, 0.0], [3.441120147705078, 0.0], [3.416823148727417, 0.0], [3.0734472274780273, 0.0], [1.8846642971038818, 0.0], [2.1142969131469727, 0.0], [5.498221397399902, 0.0], [5.28011417388916, 0.0], [0.46600380539894104, 0.0], [5.141514778137207, 0.0], [3.3383049964904785, 0.0], [2.8814754486083984, 0.0], [1.8716964721679688, 0.0], [1.4292904138565063, 0.0], [2.8802950382232666, 0.0], [1.3045850992202759, 0.0], [1.049432635307312, 0.0], [1.6120240688323975, 0.0], [0.4603615999221802, 0.0], [3.3508312702178955, 0.0], [3.0794661045074463, 0.0], [0.4597468972206116, 0.0], [3.604924201965332, 0.0], [0.4637305438518524, 0.0], [2.8523499965667725, 0.0], [2.023902654647827, 0.0], [2.523300886154175, 0.0], [0.46434056758880615, 0.0], [2.9032952785491943, 0.0], [2.578097343444824, 0.0], [2.9944114685058594, 0.0], [2.880415201187134, 0.0], [3.384493589401245, 0.0], [2.2629008293151855, 0.0], [4.595174789428711, 0.0]], "peaks": [0.06292528659105301, 0.025494961068034172, 0.020988628268241882, 0.028320293873548508, 0.032144058495759964, 0.029483774676918983, 0.22105903923511505, 0.23091289401054382, 0.2056761384010315, 0.15481799840927124, 0.1439489722251892, 0.1532437652349472, 0.1902013123035431, 0.24634675681591034, 0.2572370767593384, 0.2672748267650604, 0.2724463641643524, 0.1703270524740219, 0.07077257335186005, 0.03484886884689331, 0.03330820053815842, 0.01967197097837925, 0.023773904889822006, 0.04291042312979698, 0.08284620940685272, 0.057193491607904434, 0.044099729508161545, 0.029460366815328598, 0.04051578789949417, 0.02502385340631008, 0.0605703741312027, 0.07034417986869812, 0.0970982164144516, 0.09055619686841965, 0.08075954765081406, 0.08295338600873947, 0.08873888850212097, 0.09475667774677277, 0.09776243567466736, 0.10737566649913788, 0.09232811629772186, 0.05325082689523697, 0.053542524576187134, 0.030546382069587708, 0.02492174319922924, 0.021001260727643967, 0.028258800506591797, 0.04931265488266945, 0.05445514991879463, 0.0730908215045929, 0.1131138950586319, 0.034947123378515244, 0.032443609088659286, 0.031010078266263008, 0.021691326051950455, 0.020630795508623123, 0.01946333795785904, 0.011821000836789608, 0.014631428755819798, 0.012093586847186089, 0.0124773308634758, 0.012750827707350254, 0.010358843952417374, 0.00903223641216755, 0.006042132619768381, 0.006554981227964163, 0.006965860724449158, 0.0070595405995845795, 0.00722177978605032, 0.042908281087875366, 0.013987179845571518, 0.009608224034309387, 0.00764169916510582, 0.010740998201072216, 0.005790320690721273, 0.00763694429770112, 0.0077613526955246925, 0.006059604696929455, 0.006349408533424139, 0.00600831862539053, 0.007335630711168051, 0.005052449181675911, 0.00640736473724246, 0.00805372279137373, 0.008673761039972305, 0.008356942795217037, 0.007418020628392696, 0.007778441999107599, 0.00534987635910511]}