{"filename": "donny3.wav", "embeddings_2d": [[2.3018136024475098, 0.0], [2.6742570400238037, 0.0], [-0.06306660175323486, 0.0], [1.7958359718322754, 0.0], [2.728013277053833, 0.0], [0.9342882633209229, 0.0], [1.7491809129714966, 0.0], [0.9622246623039246, 0.0], [0.21314966678619385, 0.0], [1.510345458984375, 0.0], [1.89699387550354, 0.0], [1.3728792667388916, 0.0], [-0.3686501979827881, 0.0], [0.34932267665863037, 0.0], [0.5533374547958374, 0.0], [0.68007493019104, 0.0], [-0.8008348941802979, 0.0], [1.8163195848464966, 0.0], [3.336477279663086, 0.0], [1.2594598531723022, 0.0], [1.0139737129211426, 0.0], [1.5039938688278198, 0.0], [2.2347488403320312, 0.0], [2.1366991996765137, 0.0], [2.1876492500305176, 0.0], [1.3551125526428223, 0.0], [1.5204159021377563, 0.0], [0.9587808847427368, 0.0], [0.9532128572463989, 0.0], [4.091360569000244, 0.0], [2.1223583221435547, 0.0], [2.207430601119995, 0.0], [2.333035945892334, 0.0], [2.1268928050994873, 0.0], [1.7746763229370117, 0.0], [1.2514735460281372, 0.0], [1.7953917980194092, 0.0], [0.9701094627380371, 0.0], [1.6883466243743896, 0.0], [0.6262945532798767, 0.0], [3.2982192039489746, 0.0], [3.001638174057007, 0.0], [1.3595597743988037, 0.0], [0.6856948137283325, 0.0], [2.389582872390747, 0.0], [3.693986177444458, 0.0], [1.852064609527588, 0.0], [2.737423896789551, 0.0], [2.441704750061035, 0.0], [1.6021344661712646, 0.0], [2.265230178833008, 0.0], [1.5854002237319946, 0.0], [1.4203156232833862, 0.0], [-0.06288151443004608, 0.0], [1.1840142011642456, 0.0]], "peaks": [0.017558328807353973, 0.013268901035189629, 0.010537218302488327, 0.010316995903849602, 0.010230370797216892, 0.05853547155857086, 0.07239367067813873, 0.07711067795753479, 0.03570542857050896, 0.012540617026388645, 0.00854316633194685, 0.010365917347371578, 0.009302438236773014, 0.20290586352348328, 0.20899857580661774, 0.16324765980243683, 0.048597436398267746, 0.0137726916000247, 0.008432075381278992, 0.04753774404525757, 0.10712917894124985, 0.09038879722356796, 0.03144638240337372, 0.0223651435226202, 0.05480877682566643, 0.10570204257965088, 0.10829828679561615, 0.08570070564746857, 0.014475150965154171, 0.00828428566455841, 0.05191755294799805, 0.28486618399620056, 0.30149045586586, 0.27541810274124146, 0.23150500655174255, 0.2122027426958084, 0.09409452974796295, 0.023287365213036537, 0.025851434096693993, 0.04953495413064957, 0.054235219955444336, 0.053777020424604416, 0.04554393142461777, 0.048996493220329285, 0.06585000455379486, 0.05490526184439659, 0.04493969306349754, 0.07131315022706985, 0.07927865535020828, 0.056084513664245605, 0.035467278212308884, 0.021646661683917046, 0.01712118834257126, 0.01605900749564171, 0.012437570840120316]}