{"filename": "donny4.wav", "embeddings_2d": [[-0.7012776136398315, 0.0], [0.3214060664176941, 0.0], [0.3464200496673584, 0.0], [0.9401789903640747, 0.0], [2.704540967941284, 0.0], [3.863290786743164, 0.0], [2.778766393661499, 0.0], [1.7868489027023315, 0.0], [1.3375338315963745, 0.0], [0.5860481262207031, 0.0], [0.5754401683807373, 0.0], [1.3940696716308594, 0.0], [2.102663040161133, 0.0], [1.3064907789230347, 0.0], [0.04489952325820923, 0.0], [-0.13516974449157715, 0.0], [2.411449670791626, 0.0], [3.1021928787231445, 0.0], [3.812816619873047, 0.0], [3.1026694774627686, 0.0], [1.7040433883666992, 0.0], [2.2546768188476562, 0.0], [3.1748061180114746, 0.0], [1.1479250192642212, 0.0], [1.1894443035125732, 0.0], [1.2016911506652832, 0.0], [0.9135392904281616, 0.0], [2.1299562454223633, 0.0], [1.9000849723815918, 0.0], [1.7476582527160645, 0.0], [1.8397393226623535, 0.0], [1.2213327884674072, 0.0], [0.42345505952835083, 0.0], [0.04804712533950806, 0.0], [0.17008057236671448, 0.0], [0.6214263439178467, 0.0], [0.9334595203399658, 0.0], [-1.006593942642212, 0.0], [-0.4850446581840515, 0.0], [-0.698098361492157, 0.0], [-0.12782561779022217, 0.0], [2.0936200618743896, 0.0], [0.39059868454933167, 0.0], [1.8390388488769531, 0.0], [2.608088970184326, 0.0], [2.7799060344696045, 0.0], [2.8555257320404053, 0.0], [2.3981785774230957, 0.0], [2.035935163497925, 0.0], [1.03902268409729, 0.0], [0.7358328700065613, 0.0]], "peaks": [0.03611619770526886, 0.05676935985684395, 0.03496824949979782, 0.04489390179514885, 0.20171748101711273, 0.24215123057365417, 0.21860294044017792, 0.1813078224658966, 0.13675573468208313, 0.070466548204422, 0.08413805812597275, 0.13054834306240082, 0.12846875190734863, 0.0580420196056366, 0.0295077133923769, 0.016100002452731133, 0.032412413507699966, 0.07125077396631241, 0.21982645988464355, 0.17475861310958862, 0.043441805988550186, 0.03833495453000069, 0.03981664776802063, 0.045476943254470825, 0.04570072516798973, 0.029965559020638466, 0.20173807442188263, 0.23589067161083221, 0.22364866733551025, 0.20745067298412323, 0.18221986293792725, 0.1636001169681549, 0.11098558455705643, 0.04495500028133392, 0.08060844242572784, 0.11852651089429855, 0.07885649800300598, 0.06887557357549667, 0.023911191150546074, 0.07857099920511246, 0.025990555062890053, 0.025952406227588654, 0.03255334869027138, 0.06417504698038101, 0.08204762637615204, 0.09604603797197342, 0.07968202978372574, 0.07659038156270981, 0.07426848262548447, 0.03654705733060837, 0.022087886929512024]}