{"filename": "donny1.wav", "embeddings_2d": [[-0.1105659008026123, 0.0], [-0.6499025225639343, 0.0], [2.325101375579834, 0.0], [3.648301124572754, 0.0], [3.284327983856201, 0.0], [3.336432933807373, 0.0], [3.3583734035491943, 0.0], [2.103132486343384, 0.0], [1.9134857654571533, 0.0], [2.3729262351989746, 0.0], [4.480849266052246, 0.0], [2.6888327598571777, 0.0], [1.4590651988983154, 0.0], [2.0718295574188232, 0.0], [-0.030828557908535004, 0.0], [3.7277495861053467, 0.0], [4.323972702026367, 0.0], [3.7672276496887207, 0.0], [3.7521207332611084, 0.0], [3.9770848751068115, 0.0], [4.201046943664551, 0.0], [4.313060760498047, 0.0], [4.337930679321289, 0.0], [2.9093668460845947, 0.0], [-0.2459668517112732, 0.0], [-0.7899016737937927, 0.0], [-0.13896828889846802, 0.0], [0.756853461265564, 0.0], [1.550330400466919, 0.0], [2.797386884689331, 0.0], [2.484175205230713, 0.0], [1.7577745914459229, 0.0], [1.5879918336868286, 0.0], [1.3748505115509033, 0.0], [1.493802785873413, 0.0], [0.781082034111023, 0.0], [1.1705543994903564, 0.0], [-0.05215822160243988, 0.0], [1.56605863571167, 0.0], [2.020967483520508, 0.0], [2.0745673179626465, 0.0], [2.1103835105895996, 0.0], [1.9759091138839722, 0.0], [2.220017671585083, 0.0], [2.4084718227386475, 0.0], [1.8238188028335571, 0.0]], "peaks": [0.0629650428891182, 0.1274869292974472, 0.16676709055900574, 0.2005992978811264, 0.14729399979114532, 0.14313463866710663, 0.12359429150819778, 0.11011144518852234, 0.1117994487285614, 0.10020394623279572, 0.12979456782341003, 0.12334183603525162, 0.1020146906375885, 0.08544933795928955, 0.07563398033380508, 0.12087555229663849, 0.20165321230888367, 0.2913038432598114, 0.2826625108718872, 0.2907591462135315, 0.2837182283401489, 0.25944849848747253, 0.24081745743751526, 0.176951602101326, 0.11696221679449081, 0.16171731054782867, 0.16028179228305817, 0.132696270942688, 0.13679128885269165, 0.02363497205078602, 0.025046978145837784, 0.03544248640537262, 0.03705420717597008, 0.029148854315280914, 0.029854990541934967, 0.026178140193223953, 0.023770082741975784, 0.02126447483897209, 0.023453455418348312, 0.02663399651646614, 0.022646836936473846, 0.01627941243350506, 0.02271222323179245, 0.018297305330634117, 0.018079832196235657, 0.02437523938715458]}