{"filename": "dude20.wav", "embeddings_2d": [[3.370772361755371, 0.0], [0.7326710224151611, 0.0], [1.91087007522583, 0.0], [2.0212900638580322, 0.0], [2.3404855728149414, 0.0], [1.9838695526123047, 0.0], [3.756547451019287, 0.0], [0.1112803965806961, 0.0], [2.497014045715332, 0.0], [3.6252214908599854, 0.0], [2.442173480987549, 0.0], [2.3796584606170654, 0.0], [2.49369215965271, 0.0], [0.644946813583374, 0.0], [0.444550096988678, 0.0], [2.7344155311584473, 0.0], [2.7418274879455566, 0.0], [2.4719197750091553, 0.0], [2.655482292175293, 0.0], [0.5193884372711182, 0.0], [1.11091148853302, 0.0], [0.9383528232574463, 0.0], [0.19094324111938477, 0.0], [0.4771912097930908, 0.0], [0.9928328990936279, 0.0], [2.3184890747070312, 0.0], [2.369175672531128, 0.0], [2.2471923828125, 0.0], [1.105592966079712, 0.0], [1.7573421001434326, 0.0], [2.037477970123291, 0.0], [1.5624736547470093, 0.0], [1.1184853315353394, 0.0], [1.2780067920684814, 0.0], [3.5194339752197266, 0.0], [2.1578736305236816, 0.0], [2.461709976196289, 0.0], [1.9935729503631592, 0.0], [2.5639681816101074, 0.0], [3.251391649246216, 0.0], [3.0991504192352295, 0.0], [2.4577059745788574, 0.0], [1.8755356073379517, 0.0], [1.8606828451156616, 0.0], [3.2784314155578613, 0.0], [1.9826709032058716, 0.0], [0.9596474170684814, 0.0], [1.9664313793182373, 0.0], [3.431307077407837, 0.0], [5.210982799530029, 0.0], [2.7250101566314697, 0.0], [1.437380075454712, 0.0], [2.470794677734375, 0.0], [1.6940850019454956, 0.0], [1.0783250331878662, 0.0], [1.1349209547042847, 0.0], [0.7693384289741516, 0.0], [1.0375968217849731, 0.0], [0.17067396640777588, 0.0], [0.33832985162734985, 0.0], [1.0558152198791504, 0.0], [1.176816463470459, 0.0], [1.6612131595611572, 0.0], [1.7224913835525513, 0.0], [1.5604465007781982, 0.0], [2.6566503047943115, 0.0], [3.0013022422790527, 0.0], [3.409623622894287, 0.0], [2.9800705909729004, 0.0], [3.097764492034912, 0.0], [3.7810308933258057, 0.0], [2.9937093257904053, 0.0], [3.680626630783081, 0.0], [2.9939472675323486, 0.0], [2.15731143951416, 0.0], [2.484872817993164, 0.0], [0.11371776461601257, 0.0], [2.4771900177001953, 0.0], [2.1127302646636963, 0.0], [2.01602840423584, 0.0], [0.11300946772098541, 0.0], [0.11159896850585938, 0.0], [1.3378214836120605, 0.0], [2.2503247261047363, 0.0], [0.11144712567329407, 0.0], [2.0098602771759033, 0.0], [1.8280633687973022, 0.0], [0.11163890361785889, 0.0], [2.087073802947998, 0.0], [1.8470113277435303, 0.0], [0.09723424911499023, 0.0]], "peaks": [0.008858704008162022, 0.015401344746351242, 0.008197145536541939, 0.005281657446175814, 0.004610853269696236, 0.0037011094391345978, 0.00613695802167058, 0.005659132264554501, 0.006560124456882477, 0.004997290670871735, 0.011772767640650272, 0.03566078469157219, 0.05236205831170082, 0.05067949742078781, 0.020249584689736366, 0.00974475871771574, 0.0110697066411376, 0.014150479808449745, 0.011723731644451618, 0.060695745050907135, 0.2106984257698059, 0.25191813707351685, 0.240872323513031, 0.20792074501514435, 0.06350912153720856, 0.016740616410970688, 0.025028586387634277, 0.02014041505753994, 0.013789057731628418, 0.09729158133268356, 0.1215151771903038, 0.1310480833053589, 0.08239574730396271, 0.021265534684062004, 0.019848568364977837, 0.038162291049957275, 0.027270624414086342, 0.011448345147073269, 0.23655644059181213, 0.19362062215805054, 0.18772423267364502, 0.14673884212970734, 0.15858237445354462, 0.12393072992563248, 0.04009145498275757, 0.02320159785449505, 0.0391845777630806, 0.1907784640789032, 0.16541601717472076, 0.1308918446302414, 0.1382400244474411, 0.1478954255580902, 0.132868692278862, 0.12547004222869873, 0.10231251269578934, 0.10451924800872803, 0.10012926906347275, 0.16962096095085144, 0.15672387182712555, 0.13582219183444977, 0.11137732863426208, 0.10548026114702225, 0.0883367508649826, 0.05393706634640694, 0.02119160071015358, 0.019573936238884926, 0.01879929192364216, 0.014212502166628838, 0.015357312746345997, 0.015292532742023468, 0.012612678110599518, 0.009283142164349556, 0.00714969914406538, 0.011321994476020336, 0.00797601044178009, 0.007402678485959768, 0.010978957638144493, 0.014676266349852085, 0.015725623816251755, 0.010088370181620121, 0.005610983353108168, 0.00828813761472702, 0.00693009328097105, 0.004662363789975643, 0.006657248362898827, 0.007521273102611303, 0.004986384883522987, 0.006244113203138113, 0.008577300235629082, 0.01604987308382988, 0.016166718676686287]}