{"filename": "hw2.wav", "embeddings_2d": [[2.611250400543213, 0.0], [2.179805278778076, 0.0], [2.3983724117279053, 0.0], [0.3908258378505707, 0.0], [2.0725083351135254, 0.0], [3.4875710010528564, 0.0], [3.2475953102111816, 0.0], [2.1824839115142822, 0.0], [2.9485867023468018, 0.0], [2.928828477859497, 0.0], [1.9622422456741333, 0.0], [1.5727965831756592, 0.0], [1.71651029586792, 0.0], [2.487318515777588, 0.0], [1.8304312229156494, 0.0], [0.06703591346740723, 0.0], [1.7447608709335327, 0.0], [2.870138645172119, 0.0], [2.2217025756835938, 0.0], [2.1261744499206543, 0.0], [2.1831040382385254, 0.0], [0.3931236267089844, 0.0], [2.4707415103912354, 0.0], [3.2666356563568115, 0.0], [3.0230908393859863, 0.0], [1.8913295269012451, 0.0], [2.8720741271972656, 0.0], [3.5325541496276855, 0.0], [3.271392822265625, 0.0], [2.518977642059326, 0.0], [2.878765106201172, 0.0], [2.0484704971313477, 0.0], [2.1693596839904785, 0.0], [2.338347911834717, 0.0], [3.066882371902466, 0.0], [4.145464897155762, 0.0], [3.6350488662719727, 0.0], [3.5746912956237793, 0.0], [3.2896881103515625, 0.0], [2.57619047164917, 0.0], [1.3444647789001465, 0.0], [1.3714213371276855, 0.0], [1.5373938083648682, 0.0], [0.825088620185852, 0.0], [1.8954836130142212, 0.0], [1.1321706771850586, 0.0], [0.8778917789459229, 0.0], [1.1841256618499756, 0.0], [0.5515286922454834, 0.0], [1.9160828590393066, 0.0], [1.793628454208374, 0.0], [1.3773140907287598, 0.0], [1.0725817680358887, 0.0], [0.9755167961120605, 0.0], [1.997603416442871, 0.0], [2.0426735877990723, 0.0], [2.47751522064209, 0.0], [2.2988717555999756, 0.0], [0.7036523818969727, 0.0], [-1.1972342729568481, 0.0], [0.38661056756973267, 0.0], [1.3019269704818726, 0.0], [1.52559494972229, 0.0], [1.8198295831680298, 0.0], [1.4910128116607666, 0.0], [2.284036874771118, 0.0], [2.5177645683288574, 0.0], [1.5526630878448486, 0.0], [2.560883045196533, 0.0], [3.031526803970337, 0.0], [1.6137205362319946, 0.0], [2.095163583755493, 0.0], [3.064680576324463, 0.0], [3.098463535308838, 0.0], [0.3843044936656952, 0.0], [0.9304620027542114, 0.0], [0.4843674302101135, 0.0], [0.3879604935646057, 0.0], [0.8537775278091431, 0.0], [1.8698185682296753, 0.0], [0.394418865442276, 0.0], [0.22491610050201416, 0.0]], "peaks": [0.004061623010784388, 0.004548386204987764, 0.003631259547546506, 0.00418002950027585, 0.003621259005740285, 0.0038519466761499643, 0.002688696840777993, 0.014402735978364944, 0.007979908026754856, 0.04220083728432655, 0.04405323788523674, 0.02786332741379738, 0.009334227070212364, 0.006929656490683556, 0.007869456894695759, 0.006143254693597555, 0.08464967459440231, 0.08962444961071014, 0.07942590862512589, 0.05320269241929054, 0.037578992545604706, 0.0333908386528492, 0.032666172832250595, 0.04009381681680679, 0.03426821902394295, 0.1132829338312149, 0.16336627304553986, 0.15969404578208923, 0.10567931085824966, 0.0637127235531807, 0.030589928850531578, 0.02632533200085163, 0.025993570685386658, 0.018096763640642166, 0.11540507525205612, 0.18354421854019165, 0.19756047427654266, 0.16782885789871216, 0.15713676810264587, 0.13234320282936096, 0.08264146000146866, 0.05595329776406288, 0.049999840557575226, 0.078338123857975, 0.11326729506254196, 0.1258780062198639, 0.15658433735370636, 0.15033333003520966, 0.11695864796638489, 0.06625182181596756, 0.028282299637794495, 0.01958187110722065, 0.013164189644157887, 0.01874270848929882, 0.03919704258441925, 0.12591280043125153, 0.1501777023077011, 0.12568840384483337, 0.15011969208717346, 0.18329982459545135, 0.2092544138431549, 0.16455043852329254, 0.26322534680366516, 0.18311862647533417, 0.14032325148582458, 0.1500561535358429, 0.11492712795734406, 0.05888472497463226, 0.016864290460944176, 0.01697474531829357, 0.012718732468783855, 0.03593529015779495, 0.03470174968242645, 0.0117033114656806, 0.008389648050069809, 0.00632429076358676, 0.007384471129626036, 0.00800138060003519, 0.009393949992954731, 0.006293553858995438, 0.007754385471343994, 0.009492840617895126]}