{"filename": "maude9.wav", "embeddings_2d": [[1.5549323558807373, 0.0], [0.19019579887390137, 0.0], [0.6353694200515747, 0.0], [0.18223482370376587, 0.0], [0.2790316343307495, 0.0], [0.5493764281272888, 0.0], [0.7594895362854004, 0.0], [0.5196452140808105, 0.0], [1.2030240297317505, 0.0], [0.9047162532806396, 0.0], [0.5021504759788513, 0.0], [-0.014626622200012207, 0.0], [1.892240285873413, 0.0], [1.8507944345474243, 0.0], [1.404517650604248, 0.0], [0.7446042895317078, 0.0], [0.7935927510261536, 0.0], [1.0575928688049316, 0.0], [2.2981534004211426, 0.0], [1.6358311176300049, 0.0], [1.0558149814605713, 0.0], [0.8907915949821472, 0.0], [0.16596044600009918, 0.0], [-0.2679625153541565, 0.0], [2.011693000793457, 0.0], [2.4050111770629883, 0.0], [2.2284493446350098, 0.0], [1.9774267673492432, 0.0], [1.4681943655014038, 0.0], [1.0267059803009033, 0.0], [0.9681934714317322, 0.0], [0.7256401181221008, 0.0], [1.1716042757034302, 0.0], [1.0678415298461914, 0.0], [1.6566435098648071, 0.0], [2.2279067039489746, 0.0], [2.0540425777435303, 0.0], [2.800507068634033, 0.0], [2.680259943008423, 0.0], [4.027223587036133, 0.0], [2.5035696029663086, 0.0], [2.0177907943725586, 0.0], [0.049634456634521484, 0.0], [-1.8568449020385742, 0.0], [-0.8819034099578857, 0.0], [0.5400266647338867, 0.0], [2.9769046306610107, 0.0], [2.7323718070983887, 0.0], [0.701513409614563, 0.0], [1.8578498363494873, 0.0], [1.583272099494934, 0.0], [0.4348984956741333, 0.0], [0.8909685611724854, 0.0], [0.491058349609375, 0.0], [0.6707972288131714, 0.0], [0.6146608591079712, 0.0], [0.21551650762557983, 0.0], [0.2882142663002014, 0.0], [0.3722761869430542, 0.0], [0.5855758190155029, 0.0], [2.7809627056121826, 0.0], [3.3954014778137207, 0.0], [2.8327078819274902, 0.0], [3.5728187561035156, 0.0], [2.7740092277526855, 0.0], [3.1606369018554688, 0.0], [2.795414924621582, 0.0], [1.5965886116027832, 0.0], [0.9692283868789673, 0.0], [0.9638776779174805, 0.0], [1.2200381755828857, 0.0], [-0.24600815773010254, 0.0], [0.31843674182891846, 0.0], [0.16030468046665192, 0.0], [0.1619504690170288, 0.0], [0.15780112147331238, 0.0], [-0.7922841310501099, 0.0], [-0.8331855535507202, 0.0], [0.6213648915290833, 0.0]], "peaks": [0.008483447134494781, 0.00958812702447176, 0.009329195134341717, 0.019408265128731728, 0.03683086484670639, 0.04921935871243477, 0.06942090392112732, 0.0655873492360115, 0.02814825065433979, 0.011448042467236519, 0.013843093067407608, 0.015660148113965988, 0.0246143639087677, 0.03476599603891373, 0.03209695219993591, 0.039170101284980774, 0.025916218757629395, 0.02297847531735897, 0.017449429258704185, 0.015251524746418, 0.014479543082416058, 0.014848722144961357, 0.011256096884608269, 0.010865357704460621, 0.017818234860897064, 0.26938068866729736, 0.299161821603775, 0.33591023087501526, 0.3292572796344757, 0.2723071873188019, 0.25641950964927673, 0.14121684432029724, 0.035957805812358856, 0.035613883286714554, 0.023680338636040688, 0.028450533747673035, 0.022712962701916695, 0.02451712265610695, 0.024358021095395088, 0.04020638018846512, 0.04126040264964104, 0.053796716034412384, 0.044282443821430206, 0.04671021178364754, 0.02932475507259369, 0.01573014073073864, 0.01591717265546322, 0.014951887540519238, 0.011250629089772701, 0.013673854991793633, 0.0160478875041008, 0.017090270295739174, 0.06474438309669495, 0.1023193970322609, 0.15457893908023834, 0.1634925752878189, 0.10526501387357712, 0.05564173683524132, 0.024919504299759865, 0.037795376032590866, 0.04035843908786774, 0.0262883473187685, 0.02953685075044632, 0.0636504516005516, 0.10164571553468704, 0.11912241578102112, 0.11334201693534851, 0.09638316184282303, 0.0785883292555809, 0.029350070282816887, 0.028975890949368477, 0.019663840532302856, 0.01268999557942152, 0.01302086841315031, 0.012372476048767567, 0.017337268218398094, 0.017034761607646942, 0.010886650532484055, 0.011786958202719688]}