{"filename": "tbl4.wav", "embeddings_2d": [[0.017439693212509155, 0.0], [-0.2601502537727356, 0.0], [-0.5780726075172424, 0.0], [-0.8108453750610352, 0.0], [0.11204361915588379, 0.0], [1.803830623626709, 0.0], [0.5726957321166992, 0.0], [0.35605108737945557, 0.0], [-0.0002448558807373047, 0.0], [-1.7093831300735474, 0.0], [-1.4611282348632812, 0.0], [-1.4691267013549805, 0.0], [-0.9596903324127197, 0.0], [-1.5981289148330688, 0.0], [-1.678703784942627, 0.0], [-0.4961749315261841, 0.0], [0.14622509479522705, 0.0], [-0.08807709813117981, 0.0], [-2.091127395629883, 0.0], [-1.9791984558105469, 0.0], [-1.1549434661865234, 0.0], [-0.12094786763191223, 0.0], [-1.2799100875854492, 0.0], [-2.1338729858398438, 0.0], [-2.661196231842041, 0.0], [-2.787569522857666, 0.0], [-1.5520884990692139, 0.0], [-1.6901979446411133, 0.0], [-2.1596741676330566, 0.0], [-1.825132131576538, 0.0], [-1.701425313949585, 0.0], [-0.37274324893951416, 0.0], [1.3781909942626953, 0.0], [0.3408603072166443, 0.0], [-0.37445172667503357, 0.0], [-1.1881842613220215, 0.0], [-1.7406892776489258, 0.0], [-2.3590357303619385, 0.0], [-3.517242670059204, 0.0], [-2.6648244857788086, 0.0], [-2.6617815494537354, 0.0], [-0.6607901453971863, 0.0], [1.2268630266189575, 0.0], [0.779949426651001, 0.0], [0.12158536911010742, 0.0], [-0.3406805992126465, 0.0], [-2.7825164794921875, 0.0], [-1.2876551151275635, 0.0], [-2.853015899658203, 0.0], [-3.0594239234924316, 0.0], [-2.5324857234954834, 0.0], [-2.5307679176330566, 0.0], [-0.3391314744949341, 0.0], [-2.076258897781372, 0.0], [-1.5827345848083496, 0.0], [-2.765638589859009, 0.0], [-3.137132406234741, 0.0], [-2.6956701278686523, 0.0], [-2.4736297130584717, 0.0], [-2.7584104537963867, 0.0], [-3.700911521911621, 0.0], [-3.576681613922119, 0.0], [-2.756620407104492, 0.0], [-1.9320155382156372, 0.0], [-1.6580584049224854, 0.0], [-0.335245281457901, 0.0], [1.8968377113342285, 0.0], [-0.5751245617866516, 0.0], [-2.6642539501190186, 0.0], [-0.33578169345855713, 0.0], [-1.4774913787841797, 0.0], [-0.335619181394577, 0.0], [-1.7636897563934326, 0.0], [-1.5095314979553223, 0.0]], "peaks": [0.0021228089462965727, 0.0021103108301758766, 0.0017620117869228125, 0.0017120067495852709, 0.006876261904835701, 0.03898491710424423, 0.08277121186256409, 0.09300880879163742, 0.06901063024997711, 0.13204339146614075, 0.1851513832807541, 0.21659894287586212, 0.19049681723117828, 0.18605203926563263, 0.1942821741104126, 0.18479236960411072, 0.1057049110531807, 0.08959558606147766, 0.05535438656806946, 0.04599405825138092, 0.03556141257286072, 0.034789908677339554, 0.047205206006765366, 0.07140589505434036, 0.09038802236318588, 0.07872842997312546, 0.06333711743354797, 0.08239459991455078, 0.0704365000128746, 0.051275383681058884, 0.04852127283811569, 0.046904489398002625, 0.07313396036624908, 0.07264629006385803, 0.06318330019712448, 0.05681946128606796, 0.055377982556819916, 0.030059169977903366, 0.015420371666550636, 0.08822042495012283, 0.07790183275938034, 0.07593293488025665, 0.07238972932100296, 0.06775040179491043, 0.05904693529009819, 0.01720701903104782, 0.0342671237885952, 0.03640596196055412, 0.030670978128910065, 0.04154644161462784, 0.045343779027462006, 0.036617860198020935, 0.015470176003873348, 0.027952848002314568, 0.040955934673547745, 0.03908839076757431, 0.04831584542989731, 0.04799182340502739, 0.04534301534295082, 0.031061362475156784, 0.02453850954771042, 0.017019027844071388, 0.009798663668334484, 0.009670233353972435, 0.008849021978676319, 0.006228766404092312, 0.004107955377548933, 0.0023034908808767796, 0.002775962930172682, 0.0037256653886288404, 0.003187342779710889, 0.0023119268007576466, 0.0011368622072041035, 0.0015712211607024074]}